{"stats":{"minecraft:killed":{"minecraft:cow":1},"minecraft:picked_up":{"minecraft:beef":1,"minecraft:leather":2},"minecraft:custom":{"minecraft:jump":32,"minecraft:time_since_rest":3429,"minecraft:damage_dealt":120,"minecraft:crouch_one_cm":105,"minecraft:sprint_one_cm":383,"minecraft:play_time":3429,"minecraft:time_since_death":3429,"minecraft:walk_one_cm":2583,"minecraft:sneak_time":21,"minecraft:total_world_time":3429,"minecraft:mob_kills":1,"minecraft:fall_one_cm":836,"minecraft:fly_one_cm":679},"minecraft:mined":{"minecraft:grass":2}},"DataVersion":3465}