{"stats":{"minecraft:used":{"minecraft:wooden_axe":32,"minecraft:bread":4,"minecraft:iron_pickaxe":21,"minecraft:shield":3,"minecraft:rotten_flesh":1,"minecraft:white_wool":2,"minecraft:wooden_sword":50,"minecraft:mutton":6,"minecraft:beef":2,"minecraft:crafting_table":1,"alexsmobs:animal_dictionary":1},"minecraft:crafted":{"minecraft:wooden_sword":1,"minecraft:oak_planks":28,"minecraft:shield":1,"minecraft:crafting_table":1,"minecraft:stick":8,"minecraft:iron_pickaxe":1,"minecraft:wooden_axe":1,"minecraft:oak_button":1},"minecraft:killed":{"minecraft:sheep":11,"minecraft:skeleton":1,"minecraft:zombie":5,"minecraft:iron_golem":1,"minecraft:cow":4},"minecraft:picked_up":{"minecraft:stick":2,"minecraft:crafting_table":1,"regions_unexplored:silver_birch_leaf_pile":3,"minecraft:leather":5,"minecraft:torch":11,"minecraft:potato":6,"minecraft:oak_log":7,"minecraft:carrot":9,"minecraft:arrow":1,"minecraft:rotten_flesh":5,"minecraft:beetroot_seeds":2,"minecraft:wheat_seeds":18,"minecraft:beef":7,"minecraft:iron_ingot":4,"minecraft:light_gray_wool":2,"minecraft:sugar_cane":9,"minecraft:mutton":19,"minecraft:white_wool":11,"minecraft:cobblestone":10},"minecraft:custom":{"minecraft:time_since_rest":15429,"minecraft:sprint_one_cm":42928,"minecraft:damage_taken":330,"minecraft:walk_one_cm":34010,"minecraft:damage_blocked_by_shield":120,"minecraft:mob_kills":22,"minecraft:drop":3,"minecraft:damage_dealt":3348,"minecraft:interact_with_crafting_table":6,"minecraft:fly_one_cm":68287,"minecraft:open_chest":1,"minecraft:crouch_one_cm":278,"minecraft:play_time":15429,"minecraft:sneak_time":86,"minecraft:jump":467,"minecraft:time_since_death":15429,"minecraft:total_world_time":15429,"minecraft:fall_one_cm":8503},"minecraft:dropped":{"minecraft:sugar_cane":1,"alexsmobs:animal_dictionary":1,"minecraft:beetroot_seeds":2},"minecraft:mined":{"minecraft:carrots":9,"minecraft:wheat":10,"minecraft:crafting_table":1,"minecraft:grass":46,"minecraft:beetroots":2,"minecraft:potatoes":6,"minecraft:oak_log":7,"minecraft:tall_grass":4,"minecraft:cobblestone":10,"minecraft:sugar_cane":4,"minecraft:white_wool":2,"minecraft:wall_torch":11}},"DataVersion":3465}