{"stats":{"minecraft:killed":{"minecraft:spider":1,"minecraft:iron_golem":1,"quark:forgotten":1,"minecraft:skeleton":4,"minecraft:sheep":11,"minecraft:zombie":7,"alexsmobs:centipede_head":1,"minecraft:cow":4},"minecraft:custom":{"minecraft:interact_with_furnace":27,"minecraft:mob_kills":31,"minecraft:interact_with_crafting_table":28,"minecraft:leave_game":2,"minecraft:time_since_death":16803,"minecraft:time_since_rest":16826,"minecraft:sprint_one_cm":215324,"minecraft:damage_taken":1679,"minecraft:walk_one_cm":208111,"minecraft:damage_blocked_by_shield":1210,"minecraft:drop":21,"minecraft:damage_dealt":6051,"minecraft:swim_one_cm":2687,"minecraft:play_time":79443,"minecraft:fly_one_cm":244848,"minecraft:crouch_one_cm":1765,"minecraft:sneak_time":488,"minecraft:open_chest":2,"minecraft:deaths":3,"minecraft:walk_under_water_one_cm":6151,"minecraft:boat_one_cm":230220,"minecraft:jump":1617,"minecraft:walk_on_water_one_cm":6449,"minecraft:total_world_time":79443,"minecraft:fall_one_cm":40464},"minecraft:picked_up":{"minecraft:crafting_table":7,"minecraft:andesite":11,"minecraft:leather":5,"minecraft:potato":11,"regions_unexplored:maple_planks":8,"minecraft:tuff":17,"create:raw_zinc":7,"minecraft:oak_log":7,"minecraft:lapis_lazuli":42,"minecraft:dirt":18,"minecraft:string":2,"quark:forgotten_hat":1,"minecraft:raw_copper":2,"create:limestone":6,"minecraft:cooked_mutton":8,"minecraft:bone":6,"regions_unexplored:red_maple_shrub":1,"minecraft:wheat_seeds":39,"minecraft:cobbled_deepslate":86,"minecraft:iron_ingot":34,"minecraft:beef":7,"regions_unexplored:maple_leaf_pile":4,"minecraft:iron_pickaxe":1,"minecraft:light_gray_wool":2,"minecraft:sugar_cane":9,"minecraft:oak_planks":14,"minecraft:furnace":1,"minecraft:stick":7,"minecraft:raw_iron":56,"regions_unexplored:silver_birch_leaf_pile":3,"minecraft:torch":15,"minecraft:diorite":53,"minecraft:carrot":20,"minecraft:arrow":11,"create:crimsite":1,"minecraft:rotten_flesh":5,"minecraft:diamond":4,"minecraft:stone_axe":1,"minecraft:beetroot_seeds":9,"minecraft:granite":6,"regions_unexplored:maple_log":8,"minecraft:mutton":21,"minecraft:coal":34,"minecraft:white_wool":11,"minecraft:cobblestone":148},"minecraft:used":{"minecraft:cooked_mutton":8,"minecraft:water_bucket":5,"create:limestone":4,"minecraft:stone_sword":8,"minecraft:stone_shovel":14,"minecraft:shield":25,"minecraft:iron_sword":41,"minecraft:rotten_flesh":1,"minecraft:white_wool":2,"regions_unexplored:maple_planks":10,"minecraft:torch":8,"minecraft:dirt":18,"minecraft:mutton":11,"minecraft:crafting_table":6,"minecraft:carrot":7,"minecraft:tuff":7,"minecraft:wooden_axe":35,"minecraft:iron_axe":4,"minecraft:bread":4,"minecraft:iron_pickaxe":448,"minecraft:stone_axe":2,"minecraft:wooden_sword":50,"minecraft:cobblestone":6,"minecraft:beef":2,"minecraft:furnace":2,"minecraft:bucket":6,"alexsmobs:animal_dictionary":1,"regions_unexplored:maple_boat":1,"minecraft:cobbled_deepslate":3},"minecraft:mined":{"create:zinc_ore":7,"minecraft:tuff":10,"regions_unexplored:maple_planks":1,"minecraft:deepslate_diamond_ore":5,"regions_unexplored:maple_log":5,"regions_unexplored:red_maple_shrub":1,"minecraft:crafting_table":7,"minecraft:granite":2,"minecraft:grass_block":4,"minecraft:copper_ore":1,"minecraft:tall_grass":4,"minecraft:cobblestone":23,"minecraft:lapis_ore":4,"minecraft:sugar_cane":4,"minecraft:diorite":53,"minecraft:wall_torch":12,"minecraft:furnace":1,"minecraft:carrots":21,"minecraft:iron_ore":56,"minecraft:cobbled_deepslate":2,"minecraft:wheat":33,"minecraft:andesite":19,"minecraft:deepslate_lapis_ore":3,"minecraft:grass":48,"minecraft:potatoes":11,"regions_unexplored:maple_leaf_pile":1,"regions_unexplored:red_maple_leaves":3,"minecraft:coal_ore":28,"minecraft:oak_log":7,"minecraft:beetroots":12,"minecraft:dirt":14,"biomesoplenty:stringy_cobweb":1,"regions_unexplored:medium_grass":1,"minecraft:stone":125,"minecraft:white_wool":2,"create:crimsite":1,"create:limestone":7,"minecraft:deepslate":85},"minecraft:killed_by":{"alexsmobs:centipede_head":2,"minecraft:skeleton":1},"minecraft:crafted":{"minecraft:wooden_sword":1,"minecraft:oak_planks":28,"minecraft:stone_shovel":1,"minecraft:crafting_table":1,"minecraft:iron_helmet":2,"regions_unexplored:maple_planks":32,"minecraft:iron_sword":2,"minecraft:furnace":2,"minecraft:bucket":1,"regions_unexplored:maple_boat":1,"minecraft:stone_axe":1,"minecraft:cooked_mutton":8,"minecraft:air":0,"minecraft:iron_boots":2,"minecraft:iron_chestplate":2,"minecraft:shield":2,"minecraft:iron_axe":1,"minecraft:stick":20,"minecraft:iron_ingot":55,"minecraft:iron_pickaxe":3,"minecraft:wooden_axe":2,"minecraft:stone_sword":1,"minecraft:iron_leggings":2,"minecraft:oak_button":1},"minecraft:dropped":{"minecraft:iron_ingot":20,"minecraft:sugar_cane":1,"minecraft:stone_sword":1,"alexsmobs:animal_dictionary":1,"minecraft:cobbled_deepslate":4,"minecraft:raw_copper":2,"minecraft:tuff":7,"minecraft:light_gray_wool":2,"minecraft:oak_planks":14,"minecraft:granite":2,"create:crimsite":1,"minecraft:diorite":16,"regions_unexplored:maple_leaf_pile":4,"minecraft:beetroot_seeds":2,"minecraft:wooden_sword":1,"minecraft:iron_pickaxe":1}},"DataVersion":3465}