{"stats":{"minecraft:used":{"minecraft:cooked_mutton":1,"create:limestone":4,"minecraft:stone_sword":8,"minecraft:stone_shovel":14,"minecraft:shield":5,"minecraft:rotten_flesh":1,"minecraft:white_wool":2,"minecraft:torch":4,"minecraft:dirt":14,"minecraft:mutton":11,"minecraft:crafting_table":5,"minecraft:tuff":1,"minecraft:wooden_axe":32,"minecraft:iron_axe":1,"minecraft:bread":4,"minecraft:iron_pickaxe":257,"minecraft:stone_axe":2,"minecraft:wooden_sword":50,"minecraft:beef":2,"minecraft:furnace":2,"alexsmobs:animal_dictionary":1,"minecraft:cobbled_deepslate":3},"minecraft:crafted":{"minecraft:wooden_sword":1,"minecraft:oak_planks":28,"minecraft:stone_shovel":1,"minecraft:crafting_table":1,"minecraft:iron_helmet":1,"minecraft:iron_sword":1,"minecraft:furnace":2,"minecraft:bucket":1,"minecraft:stone_axe":1,"minecraft:cooked_mutton":1,"minecraft:air":0,"minecraft:iron_chestplate":1,"minecraft:iron_boots":1,"minecraft:shield":1,"minecraft:iron_axe":1,"minecraft:stick":16,"minecraft:iron_ingot":36,"minecraft:iron_pickaxe":2,"minecraft:wooden_axe":1,"minecraft:stone_sword":1,"minecraft:iron_leggings":1,"minecraft:oak_button":1},"minecraft:killed":{"minecraft:iron_golem":1,"minecraft:skeleton":2,"minecraft:sheep":11,"minecraft:zombie":6,"minecraft:cow":4},"minecraft:custom":{"minecraft:interact_with_furnace":23,"minecraft:mob_kills":24,"minecraft:interact_with_crafting_table":22,"minecraft:leave_game":1,"minecraft:time_since_death":33344,"minecraft:time_since_rest":33344,"minecraft:sprint_one_cm":70669,"minecraft:damage_taken":440,"minecraft:walk_one_cm":88469,"minecraft:damage_blocked_by_shield":170,"minecraft:drop":16,"minecraft:damage_dealt":3690,"minecraft:fly_one_cm":83047,"minecraft:open_chest":1,"minecraft:crouch_one_cm":521,"minecraft:play_time":33344,"minecraft:sneak_time":228,"minecraft:jump":695,"minecraft:total_world_time":33344,"minecraft:fall_one_cm":12662},"minecraft:picked_up":{"minecraft:crafting_table":4,"minecraft:leather":5,"minecraft:potato":6,"minecraft:tuff":14,"create:raw_zinc":7,"minecraft:oak_log":7,"minecraft:lapis_lazuli":23,"minecraft:dirt":14,"create:limestone":6,"minecraft:raw_copper":2,"minecraft:bone":1,"minecraft:wheat_seeds":18,"minecraft:cobbled_deepslate":7,"minecraft:iron_ingot":4,"minecraft:beef":7,"minecraft:light_gray_wool":2,"minecraft:sugar_cane":9,"minecraft:oak_planks":14,"minecraft:stick":2,"minecraft:raw_iron":55,"regions_unexplored:silver_birch_leaf_pile":3,"minecraft:torch":13,"minecraft:diorite":16,"minecraft:carrot":9,"create:crimsite":1,"minecraft:rotten_flesh":5,"minecraft:arrow":3,"minecraft:beetroot_seeds":2,"minecraft:granite":5,"minecraft:mutton":19,"minecraft:coal":28,"minecraft:white_wool":11,"minecraft:cobblestone":110},"minecraft:dropped":{"minecraft:sugar_cane":1,"minecraft:stone_sword":1,"alexsmobs:animal_dictionary":1,"minecraft:cobbled_deepslate":4,"minecraft:raw_copper":2,"minecraft:tuff":7,"minecraft:light_gray_wool":2,"minecraft:oak_planks":14,"minecraft:granite":2,"create:crimsite":1,"minecraft:diorite":16,"minecraft:beetroot_seeds":2,"minecraft:wooden_sword":1,"minecraft:iron_pickaxe":1},"minecraft:mined":{"create:zinc_ore":7,"minecraft:tuff":7,"minecraft:crafting_table":4,"minecraft:granite":1,"minecraft:grass_block":4,"minecraft:copper_ore":1,"minecraft:tall_grass":4,"minecraft:cobblestone":23,"minecraft:lapis_ore":4,"minecraft:sugar_cane":4,"minecraft:diorite":16,"minecraft:wall_torch":12,"minecraft:carrots":9,"minecraft:iron_ore":55,"minecraft:wheat":10,"minecraft:grass":46,"minecraft:coal_ore":28,"minecraft:potatoes":6,"minecraft:oak_log":7,"minecraft:beetroots":2,"minecraft:dirt":10,"minecraft:stone":87,"create:crimsite":1,"minecraft:white_wool":2,"create:limestone":7,"minecraft:deepslate":8}},"DataVersion":3465}