{"stats":{"minecraft:used":{"minecraft:wooden_axe":33,"minecraft:apple":1,"minecraft:birch_planks":7,"minecraft:stone_pickaxe":89,"quark:shale":6,"minecraft:wooden_pickaxe":5,"minecraft:rotten_flesh":2,"minecraft:stone_axe":4,"minecraft:torch":5,"minecraft:cobblestone":6,"minecraft:crafting_table":2,"minecraft:carrot":3},"minecraft:crafted":{"minecraft:oak_planks":8,"minecraft:crafting_table":2,"minecraft:stick":12,"minecraft:wooden_pickaxe":1,"regions_unexplored:maple_planks":8,"minecraft:stone_pickaxe":1,"minecraft:wooden_axe":1,"minecraft:stone_sword":1,"minecraft:torch":4,"minecraft:birch_planks":20,"minecraft:stone_axe":1},"minecraft:killed":{"minecraft:zombie":6},"minecraft:custom":{"minecraft:time_since_rest":17516,"minecraft:sprint_one_cm":58640,"minecraft:damage_taken":340,"minecraft:walk_one_cm":51251,"minecraft:mob_kills":6,"minecraft:damage_dealt":1856,"minecraft:swim_one_cm":96,"minecraft:talked_to_villager":1,"minecraft:interact_with_crafting_table":5,"minecraft:fly_one_cm":121473,"minecraft:open_chest":1,"minecraft:crouch_one_cm":7682,"minecraft:play_time":31499,"minecraft:deaths":1,"minecraft:sneak_time":2381,"minecraft:walk_under_water_one_cm":37,"minecraft:jump":477,"minecraft:leave_game":1,"minecraft:walk_on_water_one_cm":658,"minecraft:time_since_death":17492,"minecraft:total_world_time":31499,"minecraft:fall_one_cm":14730},"minecraft:picked_up":{"minecraft:wooden_axe":1,"minecraft:raw_iron":7,"minecraft:crafting_table":1,"quark:shale":24,"minecraft:torch":2,"minecraft:birch_planks":14,"minecraft:tuff":1,"minecraft:oak_log":2,"minecraft:diorite":1,"minecraft:carrot":7,"minecraft:lapis_lazuli":11,"create:limestone":19,"create:crimsite":4,"minecraft:rotten_flesh":2,"minecraft:wheat_seeds":9,"minecraft:cobbled_deepslate":9,"regions_unexplored:silver_birch_log":8,"regions_unexplored:maple_log":2,"minecraft:sugar_cane":2,"minecraft:coal":4,"minecraft:oak_planks":7,"minecraft:cobblestone":24},"minecraft:killed_by":{"minecraft:zombie":1},"minecraft:broken":{"minecraft:wooden_axe":1},"minecraft:mined":{"minecraft:tuff":1,"minecraft:carrots":7,"quark:shale":24,"minecraft:iron_ore":1,"regions_unexplored:maple_log":3,"minecraft:wheat":7,"minecraft:deepslate_lapis_ore":2,"minecraft:crafting_table":1,"minecraft:grass":7,"minecraft:coal_ore":4,"minecraft:oak_log":2,"minecraft:deepslate_iron_ore":6,"regions_unexplored:silver_birch_log":8,"minecraft:cobblestone":18,"minecraft:stone":6,"minecraft:deepslate":8,"minecraft:oak_planks":2,"create:crimsite":4,"minecraft:diorite":1,"create:limestone":18,"minecraft:oak_leaves":1,"minecraft:wall_torch":2}},"DataVersion":3465}