{"stats":{"minecraft:used":{"minecraft:rotten_flesh":2,"minecraft:wooden_axe":32,"minecraft:torch":1,"minecraft:crafting_table":1,"minecraft:birch_planks":7},"minecraft:crafted":{"minecraft:oak_planks":8,"minecraft:birch_planks":20,"minecraft:crafting_table":1,"minecraft:stick":4,"minecraft:wooden_axe":1},"minecraft:killed":{"minecraft:zombie":6},"minecraft:custom":{"minecraft:time_since_rest":1850,"minecraft:deaths":1,"minecraft:crouch_one_cm":4050,"minecraft:play_time":15833,"minecraft:sprint_one_cm":29437,"minecraft:damage_taken":220,"minecraft:walk_one_cm":32037,"minecraft:sneak_time":1150,"minecraft:mob_kills":6,"minecraft:jump":220,"minecraft:damage_dealt":1856,"minecraft:time_since_death":1826,"minecraft:total_world_time":15833,"minecraft:talked_to_villager":1,"minecraft:interact_with_crafting_table":2,"minecraft:fall_one_cm":5687,"minecraft:fly_one_cm":62412,"minecraft:open_chest":1},"minecraft:picked_up":{"minecraft:wooden_axe":1,"minecraft:rotten_flesh":2,"minecraft:wheat_seeds":2,"minecraft:torch":1,"minecraft:birch_planks":14,"regions_unexplored:silver_birch_log":5,"regions_unexplored:maple_log":2,"minecraft:oak_log":2,"minecraft:oak_planks":5,"minecraft:sugar_cane":2},"minecraft:killed_by":{"minecraft:zombie":1},"minecraft:mined":{"minecraft:grass":7,"minecraft:oak_log":2,"regions_unexplored:silver_birch_log":5,"regions_unexplored:maple_log":3,"minecraft:oak_leaves":1,"minecraft:wall_torch":1}},"DataVersion":3465}