{"stats":{"minecraft:mined":{"minecraft:tuff":1,"quark:shale":24,"regions_unexplored:maple_log":31,"minecraft:granite":6,"minecraft:furnace":5,"minecraft:carrots":7,"minecraft:iron_ore":18,"minecraft:deepslate_lapis_ore":15,"minecraft:bookshelf":4,"minecraft:deepslate_iron_ore":26,"minecraft:dirt_path":1,"regions_unexplored:maple_leaf_pile":1,"regions_unexplored:red_maple_leaves":1,"minecraft:stone":53,"regions_unexplored:silt_grass_block":1,"create:limestone":18,"minecraft:deepslate_redstone_ore":6,"minecraft:crafting_table":4,"regions_unexplored:silt_dirt":1,"minecraft:tall_grass":9,"minecraft:cobblestone":20,"minecraft:oak_planks":3,"minecraft:diorite":8,"minecraft:wall_torch":5,"minecraft:wheat":7,"regions_unexplored:red_maple_leaf_pile":1,"minecraft:yellow_bed":1,"minecraft:grass":24,"minecraft:oak_log":2,"minecraft:coal_ore":4,"regions_unexplored:silver_birch_log":8,"minecraft:dirt":2,"minecraft:gravel":9,"create:crimsite":4,"minecraft:oak_leaves":1,"minecraft:deepslate":55},"minecraft:broken":{"minecraft:wooden_axe":1},"minecraft:custom":{"minecraft:mob_kills":35,"minecraft:interact_with_crafting_table":24,"minecraft:leave_game":1,"minecraft:time_since_death":59054,"minecraft:sprint_one_cm":206031,"minecraft:walk_one_cm":149882,"minecraft:damage_blocked_by_shield":80,"minecraft:drop":43,"minecraft:talked_to_villager":1,"minecraft:play_time":73061,"minecraft:sneak_time":4300,"minecraft:deaths":1,"minecraft:walk_under_water_one_cm":120,"minecraft:boat_one_cm":60255,"minecraft:jump":1634,"minecraft:walk_on_water_one_cm":873,"minecraft:total_world_time":73061,"minecraft:interact_with_furnace":31,"minecraft:time_since_rest":59078,"minecraft:damage_taken":803,"minecraft:damage_dealt":5623,"minecraft:swim_one_cm":2942,"minecraft:fly_one_cm":363381,"minecraft:open_chest":1,"minecraft:crouch_one_cm":14617,"minecraft:fall_one_cm":49924},"minecraft:killed_by":{"minecraft:zombie":1},"minecraft:killed":{"minecraft:spider":7,"minecraft:skeleton":4,"minecraft:pig":5,"minecraft:sheep":4,"minecraft:zombie":12},"minecraft:picked_up":{"minecraft:wooden_axe":1,"minecraft:crafting_table":4,"minecraft:wooden_pickaxe":1,"regions_unexplored:silt_dirt":2,"regions_unexplored:maple_planks":2,"regions_unexplored:red_maple_leaf_pile":5,"minecraft:string":8,"create:limestone":19,"minecraft:cobbled_deepslate":65,"regions_unexplored:maple_leaf_pile":3,"minecraft:sugar_cane":2,"minecraft:furnace":5,"minecraft:raw_iron":93,"minecraft:stick":8,"minecraft:torch":4,"minecraft:porkchop":3,"minecraft:diorite":8,"minecraft:carrot":7,"minecraft:redstone":29,"minecraft:rotten_flesh":16,"minecraft:arrow":4,"regions_unexplored:maple_sapling":1,"minecraft:white_wool":5,"minecraft:cobblestone":72,"minecraft:potato":4,"minecraft:birch_planks":14,"minecraft:flint":1,"minecraft:tuff":2,"minecraft:oak_log":2,"regions_unexplored:red_maple_sapling":3,"minecraft:yellow_bed":1,"minecraft:lapis_lazuli":92,"minecraft:dirt":6,"minecraft:cooked_mutton":8,"minecraft:bone":4,"minecraft:wheat_seeds":14,"minecraft:iron_ingot":25,"minecraft:oak_planks":11,"minecraft:book":12,"minecraft:cooked_porkchop":10,"quark:shale":35,"minecraft:gravel":10,"create:crimsite":4,"minecraft:stone_axe":1,"regions_unexplored:silver_birch_log":8,"minecraft:granite":6,"regions_unexplored:maple_log":27,"minecraft:baked_potato":4,"minecraft:coal":4},"minecraft:crafted":{"minecraft:oak_planks":8,"regions_unexplored:maple_planks":104,"minecraft:furnace":1,"minecraft:flint_and_steel":1,"minecraft:iron_boots":1,"minecraft:iron_axe":1,"minecraft:stone_pickaxe":1,"minecraft:crafting_table":3,"minecraft:wooden_pickaxe":1,"minecraft:iron_helmet":1,"minecraft:iron_sword":1,"minecraft:bucket":1,"minecraft:birch_planks":20,"regions_unexplored:maple_boat":1,"minecraft:stone_axe":1,"minecraft:air":0,"minecraft:iron_chestplate":1,"minecraft:shield":1,"minecraft:stick":20,"minecraft:iron_pickaxe":1,"minecraft:iron_ingot":42,"minecraft:wooden_axe":1,"minecraft:stone_sword":1,"minecraft:iron_leggings":1,"minecraft:torch":12},"minecraft:used":{"create:limestone":14,"minecraft:flint_and_steel":17,"quark:shale":13,"minecraft:shield":2,"minecraft:iron_sword":102,"minecraft:rotten_flesh":2,"regions_unexplored:maple_planks":12,"minecraft:torch":16,"minecraft:carrot":8,"minecraft:wooden_axe":33,"minecraft:iron_axe":37,"minecraft:furnace":5,"minecraft:cobbled_deepslate":65,"minecraft:water_bucket":2,"minecraft:birch_planks":7,"minecraft:stone_pickaxe":131,"minecraft:baked_potato":4,"minecraft:wooden_pickaxe":7,"minecraft:crafting_table":6,"minecraft:apple":1,"minecraft:iron_pickaxe":130,"minecraft:gravel":9,"minecraft:stone_axe":4,"minecraft:cobblestone":9,"minecraft:cooked_porkchop":6,"minecraft:bucket":3,"regions_unexplored:maple_boat":1},"minecraft:dropped":{"minecraft:iron_ingot":30,"minecraft:wheat_seeds":13,"minecraft:granite":6,"create:crimsite":4,"regions_unexplored:maple_planks":7,"minecraft:stick":3,"regions_unexplored:red_maple_sapling":3,"regions_unexplored:red_maple_leaf_pile":5,"minecraft:dirt":6,"minecraft:diorite":8,"minecraft:string":4,"minecraft:gravel":1,"minecraft:stone_axe":1,"minecraft:stone_sword":1,"minecraft:tuff":2,"minecraft:rotten_flesh":12,"minecraft:oak_planks":1,"minecraft:cooked_mutton":8,"quark:shale":22,"regions_unexplored:silver_birch_log":3,"regions_unexplored:maple_leaf_pile":3,"create:limestone":5,"minecraft:stone_pickaxe":1,"minecraft:wooden_pickaxe":2,"regions_unexplored:silt_dirt":2}},"DataVersion":3465}