{"stats":{"minecraft:mined":{"minecraft:red_bed":1,"minecraft:infested_stone_bricks":1,"regions_unexplored:silver_birch_leaf_pile":1,"minecraft:snow_block":55,"minecraft:dandelion":1,"minecraft:crafting_table":3,"minecraft:blast_furnace":2,"minecraft:tall_grass":3,"minecraft:cobblestone":6,"minecraft:wall_torch":1,"minecraft:smooth_stone":8,"minecraft:furnace":1,"minecraft:fire":3,"minecraft:iron_ore":31,"minecraft:ice":2,"minecraft:white_carpet":2,"minecraft:andesite":4,"minecraft:grass":18,"minecraft:oak_log":10,"minecraft:coal_ore":19,"minecraft:deepslate_iron_ore":3,"minecraft:iron_bars":1,"minecraft:cracked_stone_bricks":1,"minecraft:stone":16,"minecraft:stone_bricks":4,"minecraft:mossy_stone_bricks":6,"minecraft:oak_leaves":1},"minecraft:custom":{"minecraft:mob_kills":35,"minecraft:interact_with_crafting_table":16,"minecraft:bell_ring":2,"minecraft:leave_game":1,"minecraft:time_since_death":18088,"minecraft:sleep_in_bed":2,"minecraft:climb_one_cm":12792,"minecraft:time_since_rest":18120,"minecraft:sprint_one_cm":165988,"minecraft:damage_taken":868,"minecraft:walk_one_cm":78870,"minecraft:damage_blocked_by_shield":390,"minecraft:drop":18,"minecraft:damage_dealt":6516,"minecraft:talked_to_villager":1,"minecraft:swim_one_cm":6048,"minecraft:fly_one_cm":384675,"minecraft:open_chest":6,"minecraft:crouch_one_cm":9445,"minecraft:play_time":53225,"minecraft:deaths":2,"minecraft:sneak_time":3952,"minecraft:walk_under_water_one_cm":1329,"minecraft:jump":1639,"minecraft:interact_with_brewingstand":1,"minecraft:interact_with_blast_furnace":6,"minecraft:walk_on_water_one_cm":10286,"minecraft:total_world_time":53225,"minecraft:fall_one_cm":46881},"minecraft:killed_by":{"minecraft:creeper":1,"minecraft:spider":1},"minecraft:killed":{"minecraft:cat":1,"minecraft:pig":6,"minecraft:spider":3,"minecraft:iron_golem":1,"minecraft:creeper":1,"minecraft:horse":6,"minecraft:zombie":13,"minecraft:cow":4},"minecraft:picked_up":{"minecraft:iron_chestplate":1,"minecraft:crafting_table":4,"minecraft:andesite":8,"minecraft:leather":8,"minecraft:potato":1,"minecraft:oak_log":10,"minecraft:shield":1,"minecraft:gunpowder":2,"minecraft:string":6,"minecraft:dirt":55,"minecraft:red_bed":2,"minecraft:iron_axe":1,"minecraft:iron_leggings":1,"minecraft:white_carpet":19,"minecraft:stone_bricks":8,"minecraft:cracked_stone_bricks":2,"minecraft:wheat_seeds":3,"minecraft:smooth_stone":16,"minecraft:beef":8,"minecraft:iron_ingot":13,"minecraft:redstone_torch":2,"minecraft:mossy_stone_bricks":12,"minecraft:iron_pickaxe":1,"minecraft:oak_planks":25,"minecraft:furnace":2,"minecraft:book":1,"minecraft:raw_iron":40,"minecraft:oak_door":2,"minecraft:torch":3,"minecraft:dandelion":1,"minecraft:porkchop":12,"minecraft:snow_block":23,"minecraft:blast_furnace":3,"minecraft:diorite":10,"minecraft:spider_eye":1,"alexsmobs:animal_dictionary":3,"minecraft:stone_shovel":1,"minecraft:rotten_flesh":36,"minecraft:stone_axe":2,"minecraft:iron_helmet":1,"minecraft:light_gray_carpet":3,"minecraft:coal":29,"minecraft:snowball":196,"minecraft:cobblestone":37},"minecraft:used":{"minecraft:snow_block":23,"minecraft:stone_shovel":57,"minecraft:stone_pickaxe":87,"minecraft:shield":2,"minecraft:wooden_pickaxe":11,"minecraft:rotten_flesh":7,"minecraft:torch":35,"minecraft:dirt":16,"minecraft:white_carpet":1,"minecraft:crafting_table":5,"minecraft:blast_furnace":1,"minecraft:redstone_torch":1,"minecraft:iron_axe":74,"minecraft:bread":2,"minecraft:iron_pickaxe":7,"minecraft:iron_boots":1,"minecraft:stone_axe":22,"minecraft:cobblestone":5,"minecraft:beef":6,"minecraft:porkchop":12,"minecraft:bucket":1,"alexsmobs:animal_dictionary":1,"minecraft:splash_potion":1},"minecraft:crafted":{"minecraft:oak_planks":40,"minecraft:stone_shovel":1,"sophisticatedbackpacks:backpack":2,"minecraft:crafting_table":2,"minecraft:iron_helmet":1,"minecraft:wooden_pickaxe":1,"minecraft:bucket":1,"minecraft:stone_axe":1,"minecraft:bread":2,"minecraft:air":0,"minecraft:yellow_dye":1,"minecraft:iron_boots":1,"minecraft:iron_chestplate":1,"minecraft:shield":1,"minecraft:iron_axe":1,"minecraft:stick":20,"quark:oak_chest":1,"minecraft:iron_pickaxe":1,"minecraft:iron_ingot":28,"minecraft:stone_pickaxe":1,"minecraft:chest":1,"minecraft:snow_block":46,"minecraft:iron_leggings":1,"minecraft:torch":32},"minecraft:dropped":{"minecraft:stone_axe":2,"alexsmobs:animal_dictionary":2,"minecraft:wheat":1,"minecraft:raw_iron":6,"minecraft:light_gray_carpet":3,"minecraft:potato":1,"minecraft:gold_nugget":1,"minecraft:stone_pickaxe":1,"minecraft:wooden_pickaxe":1,"minecraft:iron_pickaxe":1,"minecraft:string":1}},"DataVersion":3465}