{"stats":{"minecraft:used":{"minecraft:snow_block":23,"minecraft:stone_shovel":57,"minecraft:stone_pickaxe":87,"minecraft:wooden_pickaxe":11,"minecraft:rotten_flesh":7,"minecraft:torch":35,"minecraft:dirt":16,"minecraft:white_carpet":1,"minecraft:crafting_table":2,"minecraft:blast_furnace":1,"minecraft:stone_axe":22,"alexsmobs:animal_dictionary":1,"minecraft:splash_potion":1},"minecraft:crafted":{"minecraft:oak_planks":24,"minecraft:stone_shovel":1,"minecraft:crafting_table":1,"minecraft:wooden_pickaxe":1,"minecraft:stone_axe":1,"minecraft:bread":2,"minecraft:stick":16,"minecraft:stone_pickaxe":1,"minecraft:snow_block":46,"minecraft:torch":32},"minecraft:killed":{"minecraft:spider":2,"minecraft:zombie":9},"minecraft:custom":{"minecraft:mob_kills":11,"minecraft:interact_with_crafting_table":8,"minecraft:time_since_death":24271,"minecraft:sleep_in_bed":2,"minecraft:climb_one_cm":6044,"minecraft:time_since_rest":18103,"minecraft:sprint_one_cm":68688,"minecraft:damage_taken":350,"minecraft:walk_one_cm":46080,"minecraft:drop":6,"minecraft:damage_dealt":1772,"minecraft:swim_one_cm":3904,"minecraft:fly_one_cm":137997,"minecraft:open_chest":5,"minecraft:crouch_one_cm":8534,"minecraft:play_time":28747,"minecraft:deaths":1,"minecraft:sneak_time":3166,"minecraft:walk_under_water_one_cm":1241,"minecraft:jump":669,"minecraft:interact_with_brewingstand":1,"minecraft:interact_with_blast_furnace":3,"minecraft:walk_on_water_one_cm":9499,"minecraft:total_world_time":28747,"minecraft:fall_one_cm":18503},"minecraft:picked_up":{"minecraft:crafting_table":1,"minecraft:andesite":4,"minecraft:potato":1,"minecraft:oak_log":6,"minecraft:dirt":38,"minecraft:string":1,"minecraft:red_bed":1,"minecraft:white_carpet":10,"minecraft:stone_bricks":4,"minecraft:cracked_stone_bricks":1,"minecraft:wheat_seeds":2,"minecraft:smooth_stone":8,"minecraft:redstone_torch":1,"minecraft:mossy_stone_bricks":6,"minecraft:oak_planks":24,"minecraft:furnace":1,"minecraft:raw_iron":40,"minecraft:oak_door":1,"minecraft:torch":3,"minecraft:blast_furnace":1,"minecraft:diorite":5,"minecraft:spider_eye":1,"alexsmobs:animal_dictionary":3,"minecraft:rotten_flesh":18,"minecraft:light_gray_carpet":3,"minecraft:coal":13,"minecraft:snowball":190,"minecraft:cobblestone":22},"minecraft:killed_by":{"minecraft:spider":1},"minecraft:dropped":{"minecraft:raw_iron":6},"minecraft:mined":{"minecraft:red_bed":1,"minecraft:infested_stone_bricks":1,"regions_unexplored:silver_birch_leaf_pile":1,"minecraft:snow_block":55,"minecraft:crafting_table":1,"minecraft:blast_furnace":1,"minecraft:cobblestone":6,"minecraft:wall_torch":1,"minecraft:smooth_stone":8,"minecraft:furnace":1,"minecraft:iron_ore":31,"minecraft:ice":2,"minecraft:white_carpet":2,"minecraft:andesite":4,"minecraft:grass":4,"minecraft:oak_log":6,"minecraft:coal_ore":13,"minecraft:deepslate_iron_ore":3,"minecraft:iron_bars":1,"minecraft:cracked_stone_bricks":1,"minecraft:stone_bricks":4,"minecraft:stone":16,"minecraft:mossy_stone_bricks":6}},"DataVersion":3465}