{"stats":{"minecraft:used":{"minecraft:stone_pickaxe":3,"minecraft:wooden_pickaxe":3,"minecraft:stone_axe":19,"minecraft:dirt":2,"minecraft:crafting_table":1,"alexsmobs:animal_dictionary":1},"minecraft:crafted":{"minecraft:oak_planks":24,"minecraft:crafting_table":1,"minecraft:stick":8,"minecraft:wooden_pickaxe":1,"minecraft:stone_pickaxe":1,"minecraft:stone_axe":1},"minecraft:killed":{"minecraft:zombie":9,"minecraft:spider":1},"minecraft:picked_up":{"minecraft:oak_door":1,"minecraft:torch":1,"minecraft:potato":1,"minecraft:oak_log":6,"minecraft:dirt":34,"minecraft:spider_eye":1,"alexsmobs:animal_dictionary":3,"minecraft:rotten_flesh":16,"minecraft:wheat_seeds":2,"minecraft:oak_planks":24,"minecraft:cobblestone":6},"minecraft:custom":{"minecraft:time_since_rest":188,"minecraft:sprint_one_cm":24554,"minecraft:damage_taken":310,"minecraft:walk_one_cm":22839,"minecraft:mob_kills":10,"minecraft:damage_dealt":1602,"minecraft:interact_with_crafting_table":4,"minecraft:fly_one_cm":59952,"minecraft:open_chest":1,"minecraft:crouch_one_cm":1648,"minecraft:play_time":10832,"minecraft:deaths":1,"minecraft:sneak_time":462,"minecraft:jump":281,"minecraft:time_since_death":6356,"minecraft:sleep_in_bed":2,"minecraft:total_world_time":10832,"minecraft:fall_one_cm":7164},"minecraft:killed_by":{"minecraft:spider":1},"minecraft:mined":{"regions_unexplored:silver_birch_leaf_pile":1,"minecraft:grass":4,"minecraft:oak_log":6,"minecraft:cobblestone":6,"minecraft:wall_torch":1}},"DataVersion":3465}