{"stats":{"minecraft:used":{"minecraft:snow_block":7,"minecraft:stone_shovel":57,"minecraft:stone_pickaxe":47,"minecraft:wooden_pickaxe":11,"minecraft:torch":28,"minecraft:rotten_flesh":7,"minecraft:stone_axe":22,"minecraft:dirt":16,"minecraft:white_carpet":1,"minecraft:crafting_table":1,"alexsmobs:animal_dictionary":1,"minecraft:splash_potion":1},"minecraft:crafted":{"minecraft:oak_planks":24,"minecraft:stone_shovel":1,"minecraft:crafting_table":1,"minecraft:stick":16,"minecraft:wooden_pickaxe":1,"minecraft:stone_pickaxe":1,"minecraft:snow_block":46,"minecraft:torch":32,"minecraft:stone_axe":1},"minecraft:killed":{"minecraft:zombie":9,"minecraft:spider":2},"minecraft:picked_up":{"minecraft:raw_iron":3,"minecraft:crafting_table":1,"minecraft:oak_door":1,"minecraft:andesite":4,"minecraft:torch":1,"minecraft:potato":1,"minecraft:oak_log":6,"minecraft:blast_furnace":1,"minecraft:red_bed":1,"minecraft:string":1,"minecraft:dirt":34,"minecraft:spider_eye":1,"alexsmobs:animal_dictionary":3,"minecraft:white_carpet":10,"minecraft:rotten_flesh":18,"minecraft:stone_bricks":4,"minecraft:cracked_stone_bricks":1,"minecraft:wheat_seeds":2,"minecraft:smooth_stone":8,"minecraft:redstone_torch":1,"minecraft:mossy_stone_bricks":6,"minecraft:light_gray_carpet":3,"minecraft:coal":6,"minecraft:oak_planks":24,"minecraft:snowball":188,"minecraft:cobblestone":19,"minecraft:furnace":1},"minecraft:custom":{"minecraft:time_since_rest":12188,"minecraft:sprint_one_cm":58495,"minecraft:damage_taken":330,"minecraft:walk_one_cm":37495,"minecraft:mob_kills":11,"minecraft:damage_dealt":1762,"minecraft:interact_with_crafting_table":5,"minecraft:fly_one_cm":131255,"minecraft:open_chest":5,"minecraft:crouch_one_cm":6133,"minecraft:play_time":22832,"minecraft:deaths":1,"minecraft:sneak_time":1938,"minecraft:walk_under_water_one_cm":363,"minecraft:jump":583,"minecraft:interact_with_brewingstand":1,"minecraft:walk_on_water_one_cm":7868,"minecraft:time_since_death":18356,"minecraft:sleep_in_bed":2,"minecraft:climb_one_cm":6044,"minecraft:total_world_time":22832,"minecraft:fall_one_cm":17216},"minecraft:killed_by":{"minecraft:spider":1},"minecraft:mined":{"minecraft:smooth_stone":8,"minecraft:furnace":1,"minecraft:red_bed":1,"minecraft:iron_ore":4,"minecraft:infested_stone_bricks":1,"regions_unexplored:silver_birch_leaf_pile":1,"minecraft:snow_block":55,"minecraft:ice":2,"minecraft:white_carpet":2,"minecraft:andesite":4,"minecraft:crafting_table":1,"minecraft:coal_ore":6,"minecraft:grass":4,"minecraft:blast_furnace":1,"minecraft:oak_log":6,"minecraft:iron_bars":1,"minecraft:cobblestone":6,"minecraft:cracked_stone_bricks":1,"minecraft:stone":13,"minecraft:stone_bricks":4,"minecraft:mossy_stone_bricks":6,"minecraft:wall_torch":1}},"DataVersion":3465}