{
  "mowziesmobs:root": {
    "criteria": {
      "custom_test_name": "2024-11-22 22:00:20 +0000"
    },
    "done": true
  },
  "betterdungeons:root": {
    "criteria": {
      "always": "2024-11-22 22:00:20 +0000"
    },
    "done": true
  },
  "create:root": {
    "criteria": {
      "0": "2024-11-22 22:00:20 +0000"
    },
    "done": true
  },
  "minecraft:adventure/adventuring_time": {
    "criteria": {
      "minecraft:river": "2024-11-22 23:01:29 +0000",
      "minecraft:snowy_plains": "2024-11-22 22:18:35 +0000",
      "minecraft:dripstone_caves": "2024-11-22 22:38:04 +0000",
      "minecraft:cold_ocean": "2024-11-22 23:03:26 +0000",
      "minecraft:deep_cold_ocean": "2024-11-22 23:03:48 +0000",
      "minecraft:plains": "2024-11-22 22:00:21 +0000"
    },
    "done": false
  },
  "regions_unexplored:parent": {
    "criteria": {
      "load_in_world": "2024-11-22 22:00:21 +0000"
    },
    "done": true
  },
  "minecraft:adventure/root": {
    "criteria": {
      "killed_something": "2024-11-22 22:02:58 +0000"
    },
    "done": true
  },
  "minecraft:husbandry/root": {
    "criteria": {
      "consumed_item": "2024-11-22 22:04:48 +0000"
    },
    "done": true
  },
  "alexsmobs:alexsmobs/root": {
    "criteria": {
      "useitem": "2024-11-22 22:04:48 +0000"
    },
    "done": true
  },
  "minecraft:husbandry/balanced_diet": {
    "criteria": {
      "cooked_mutton": "2024-11-22 22:28:08 +0000",
      "beef": "2024-11-22 22:10:39 +0000",
      "mutton": "2024-11-22 22:07:59 +0000",
      "bread": "2024-11-22 22:10:05 +0000",
      "rotten_flesh": "2024-11-22 22:11:56 +0000",
      "carrot": "2024-11-22 23:01:48 +0000"
    },
    "done": false
  },
  "regions_unexplored:pioneer": {
    "criteria": {
      "autumnal_maple_forest": "2024-11-22 22:08:04 +0000",
      "maple_forest": "2024-11-22 23:02:43 +0000",
      "pumpkin_fields": "2024-11-22 23:02:18 +0000"
    },
    "done": false
  },
  "regions_unexplored:regions_explored": {
    "criteria": {
      "autumnal_maple_forest": "2024-11-22 22:08:04 +0000",
      "ancient_delta": "2024-11-22 22:36:34 +0000",
      "maple_forest": "2024-11-22 23:02:43 +0000",
      "pumpkin_fields": "2024-11-22 23:02:18 +0000"
    },
    "done": false
  },
  "minecraft:story/root": {
    "criteria": {
      "crafting_table": "2024-11-22 22:08:20 +0000"
    },
    "done": true
  },
  "minecraft:story/smelt_iron": {
    "criteria": {
      "iron": "2024-11-22 22:08:48 +0000"
    },
    "done": true
  },
  "minecraft:story/iron_tools": {
    "criteria": {
      "iron_pickaxe": "2024-11-22 22:08:56 +0000"
    },
    "done": true
  },
  "minecraft:adventure/kill_all_mobs": {
    "criteria": {
      "minecraft:skeleton": "2024-11-22 22:11:11 +0000",
      "minecraft:spider": "2024-11-22 22:41:45 +0000",
      "quark:forgotten": "2024-11-22 22:37:23 +0000",
      "minecraft:zombie": "2024-11-22 22:09:45 +0000"
    },
    "done": false
  },
  "minecraft:adventure/kill_a_mob": {
    "criteria": {
      "minecraft:zombie": "2024-11-22 22:09:45 +0000"
    },
    "done": true
  },
  "minecraft:story/deflect_arrow": {
    "criteria": {
      "deflected_projectile": "2024-11-22 22:11:01 +0000"
    },
    "done": true
  },
  "minecraft:story/mine_stone": {
    "criteria": {
      "get_stone": "2024-11-22 22:13:03 +0000"
    },
    "done": true
  },
  "minecraft:story/obtain_armor": {
    "criteria": {
      "iron_boots": "2024-11-22 22:21:50 +0000"
    },
    "done": true
  },
  "minecraft:story/mine_diamond": {
    "criteria": {
      "diamond": "2024-11-22 22:36:05 +0000"
    },
    "done": true
  },
  "regions_unexplored:spelunker": {
    "criteria": {
      "ancient_delta": "2024-11-22 22:36:34 +0000"
    },
    "done": false
  },
  "quark:get_forgotten_hat": {
    "criteria": {
      "get_forgotten_hat": "2024-11-22 22:37:24 +0000"
    },
    "done": true
  },
  "biomesoplenty:biomesoplenty/all_biomes": {
    "criteria": {
      "coniferous_forest": "2024-11-22 22:40:07 +0000",
      "spider_nest": "2024-11-22 22:39:03 +0000",
      "fir_clearing": "2024-11-22 22:38:37 +0000"
    },
    "done": false
  },
  "biomesoplenty:biomesoplenty/root": {
    "criteria": {
      "fir_clearing": "2024-11-22 22:38:37 +0000"
    },
    "done": true
  },
  "regions_unexplored:got_wood": {
    "criteria": {
      "maple_log": "2024-11-22 22:58:48 +0000"
    },
    "done": false
  },
  "DataVersion": 3465
}