{
  "minecraft:adventure/root": {
    "criteria": {
      "killed_something": "2024-11-22 22:02:58 +0000"
    },
    "done": true
  },
  "mowziesmobs:root": {
    "criteria": {
      "custom_test_name": "2024-11-22 22:00:20 +0000"
    },
    "done": true
  },
  "betterdungeons:root": {
    "criteria": {
      "always": "2024-11-22 22:00:20 +0000"
    },
    "done": true
  },
  "minecraft:adventure/adventuring_time": {
    "criteria": {
      "minecraft:plains": "2024-11-22 22:00:21 +0000"
    },
    "done": false
  },
  "create:root": {
    "criteria": {
      "0": "2024-11-22 22:00:20 +0000"
    },
    "done": true
  },
  "regions_unexplored:parent": {
    "criteria": {
      "load_in_world": "2024-11-22 22:00:21 +0000"
    },
    "done": true
  },
  "DataVersion": 3465
}