{
  "create:root": {
    "criteria": {
      "0": "2024-11-22 21:59:58 +0000"
    },
    "done": true
  },
  "mowziesmobs:root": {
    "criteria": {
      "custom_test_name": "2024-11-22 21:59:59 +0000"
    },
    "done": true
  },
  "betterdungeons:root": {
    "criteria": {
      "always": "2024-11-22 21:59:59 +0000"
    },
    "done": true
  },
  "minecraft:adventure/adventuring_time": {
    "criteria": {
      "minecraft:river": "2024-11-22 23:01:16 +0000",
      "minecraft:cold_ocean": "2024-11-22 23:03:24 +0000",
      "minecraft:deep_cold_ocean": "2024-11-22 23:03:46 +0000",
      "minecraft:plains": "2024-11-22 22:00:01 +0000"
    },
    "done": false
  },
  "regions_unexplored:parent": {
    "criteria": {
      "load_in_world": "2024-11-22 22:00:01 +0000"
    },
    "done": true
  },
  "regions_unexplored:pioneer": {
    "criteria": {
      "autumnal_maple_forest": "2024-11-22 22:09:04 +0000",
      "frozen_tundra": "2024-11-22 22:20:47 +0000",
      "maple_forest": "2024-11-22 23:02:35 +0000",
      "pumpkin_fields": "2024-11-22 23:02:07 +0000"
    },
    "done": false
  },
  "regions_unexplored:regions_explored": {
    "criteria": {
      "autumnal_maple_forest": "2024-11-22 22:09:04 +0000",
      "frozen_tundra": "2024-11-22 22:20:47 +0000",
      "maple_forest": "2024-11-22 23:02:35 +0000",
      "pumpkin_fields": "2024-11-22 23:02:07 +0000"
    },
    "done": false
  },
  "minecraft:adventure/root": {
    "criteria": {
      "killed_something": "2024-11-22 22:09:05 +0000"
    },
    "done": true
  },
  "minecraft:adventure/kill_all_mobs": {
    "criteria": {
      "minecraft:skeleton": "2024-11-22 22:40:48 +0000",
      "minecraft:spider": "2024-11-22 22:42:21 +0000",
      "minecraft:zombie": "2024-11-22 22:09:05 +0000"
    },
    "done": false
  },
  "minecraft:adventure/kill_a_mob": {
    "criteria": {
      "minecraft:zombie": "2024-11-22 22:09:05 +0000"
    },
    "done": true
  },
  "regions_unexplored:got_wood": {
    "criteria": {
      "silver_birch_log": "2024-11-22 22:09:19 +0000",
      "maple_log": "2024-11-22 22:12:05 +0000"
    },
    "done": false
  },
  "minecraft:husbandry/balanced_diet": {
    "criteria": {
      "cooked_porkchop": "2024-11-22 22:46:43 +0000",
      "baked_potato": "2024-11-22 22:37:09 +0000",
      "apple": "2024-11-22 22:21:42 +0000",
      "rotten_flesh": "2024-11-22 22:09:22 +0000",
      "carrot": "2024-11-22 22:22:46 +0000"
    },
    "done": false
  },
  "minecraft:husbandry/root": {
    "criteria": {
      "consumed_item": "2024-11-22 22:09:22 +0000"
    },
    "done": true
  },
  "minecraft:story/root": {
    "criteria": {
      "crafting_table": "2024-11-22 22:09:39 +0000"
    },
    "done": true
  },
  "minecraft:story/mine_stone": {
    "criteria": {
      "get_stone": "2024-11-22 22:14:44 +0000"
    },
    "done": true
  },
  "minecraft:story/upgrade_tools": {
    "criteria": {
      "stone_pickaxe": "2024-11-22 22:14:56 +0000"
    },
    "done": true
  },
  "biomesoplenty:biomesoplenty/all_biomes": {
    "criteria": {
      "coniferous_forest": "2024-11-22 23:00:18 +0000",
      "fir_clearing": "2024-11-22 23:00:14 +0000",
      "snowy_fir_clearing": "2024-11-22 22:21:05 +0000"
    },
    "done": false
  },
  "biomesoplenty:biomesoplenty/root": {
    "criteria": {
      "snowy_fir_clearing": "2024-11-22 22:21:05 +0000"
    },
    "done": true
  },
  "minecraft:story/obtain_armor": {
    "criteria": {
      "iron_chestplate": "2024-11-22 22:33:59 +0000"
    },
    "done": true
  },
  "minecraft:story/deflect_arrow": {
    "criteria": {
      "deflected_projectile": "2024-11-22 22:53:38 +0000"
    },
    "done": true
  },
  "minecraft:story/iron_tools": {
    "criteria": {
      "iron_pickaxe": "2024-11-22 22:33:31 +0000"
    },
    "done": true
  },
  "minecraft:story/smelt_iron": {
    "criteria": {
      "iron": "2024-11-22 22:33:22 +0000"
    },
    "done": true
  },
  "DataVersion": 3465
}